conversation_id,cNPS,resistance_score,quality_score,insight_yield,trust_score,cognitive_load,engagement_momentum,completion,total_turns,duration_sec
conv_001,35,0.22,0.78,0.34,0.71,0.41,0.18,1,6,22.0
conv_002,-40,0.61,0.32,0.09,0.21,0.66,-0.42,0,4,12.0
conv_003,10,0.35,0.55,0.22,0.44,0.48,0.05,1,7,29.5
conv_004,72,0.10,0.91,0.47,0.82,0.30,0.34,1,8,33.1
conv_005,-15,0.50,0.40,0.15,0.33,0.55,-0.10,0,5,18.3
conv_006,50,0.18,0.85,0.39,0.76,0.35,0.25,1,9,40.0
conv_007,-30,0.58,0.29,0.12,0.25,0.60,-0.30,0,6,21.7
conv_008,80,0.05,0.95,0.50,0.88,0.25,0.40,1,10,45.2
conv_009,0,0.40,0.50,0.20,0.40,0.50,0.00,1,7,27.8
conv_010,25,0.30,0.65,0.30,0.60,0.38,0.15,1,8,32.4